{"cameraMode":{"drawMode":0,"name":"Shaded","section":"Shading Mode"},"sceneLighting":false,"audioPlay":false,"sceneViewState":{"showFog":true,"showMaterialUpdate":true,"showSkybox":false,"showFlares":true,"showImageEffects":true,"showParticleSystems":true},"in2DMode":false,"pivot":{"x":0.4414577782154083,"y":0.7125871777534485,"z":-2.784946918487549},"rotation":{"x":0.020722417160868646,"y":0.9740307331085205,"z":-0.20451512932777406,"w":0.09678516536951065},"size":7.195734024047852,"orthographic":false}