{"cameraMode":{"drawMode":0,"name":"Shaded","section":"Shading Mode"},"sceneLighting":false,"audioPlay":false,"sceneViewState":{"showFog":true,"showMaterialUpdate":true,"showSkybox":false,"showFlares":true,"showImageEffects":true,"showParticleSystems":true},"in2DMode":false,"pivot":{"x":0.5439909100532532,"y":0.12697546184062959,"z":-1.1771653890609742},"rotation":{"x":0.03654734417796135,"y":0.9742962121963501,"z":-0.15338148176670075,"w":0.1696619987487793},"size":2.6575050354003908,"orthographic":false}