{"cameraMode":{"drawMode":0,"name":"Shaded","section":"Shading Mode"},"sceneLighting":true,"audioPlay":false,"sceneViewState":{"showFog":true,"showMaterialUpdate":true,"showSkybox":false,"showFlares":true,"showImageEffects":true,"showParticleSystems":true},"in2DMode":false,"pivot":{"x":-29.817657470703126,"y":3.851449489593506,"z":-1.0530681610107422},"rotation":{"x":0.10868287831544876,"y":-0.7072400450706482,"z":0.11145766079425812,"w":0.6896288990974426},"size":3.2534401416778566,"orthographic":false}