{"cameraMode":{"drawMode":0,"name":"Shaded","section":"Shading Mode"},"sceneLighting":false,"audioPlay":false,"sceneViewState":{"showFog":true,"showMaterialUpdate":true,"showSkybox":false,"showFlares":true,"showImageEffects":true,"showParticleSystems":true},"in2DMode":false,"pivot":{"x":1.4901161193847657e-8,"y":0.5874778032302856,"z":-2.2351741790771486e-8},"rotation":{"x":0.16813546419143678,"y":0.8427308797836304,"z":-0.34513697028160097,"w":0.381197452545166},"size":2.678668260574341,"orthographic":false}