{"cameraMode":{"drawMode":0,"name":"Shaded","section":"Shading Mode"},"sceneLighting":false,"audioPlay":false,"sceneViewState":{"showFog":true,"showMaterialUpdate":true,"showSkybox":false,"showFlares":true,"showImageEffects":true,"showParticleSystems":true},"in2DMode":false,"pivot":{"x":-33.145626068115237,"y":1.8336210250854493,"z":-21.935077667236329},"rotation":{"x":0.10731225460767746,"y":-0.8891963958740234,"z":0.2701115310192108,"w":0.3534122407436371},"size":7.2735490798950199,"orthographic":false}