{"cameraMode":{"drawMode":0,"name":"Shaded","section":"Shading Mode"},"sceneLighting":false,"audioPlay":false,"sceneViewState":{"showFog":true,"showMaterialUpdate":true,"showSkybox":false,"showFlares":true,"showImageEffects":true,"showParticleSystems":true},"in2DMode":false,"pivot":{"x":-0.003898799419403076,"y":0.48079630732536318,"z":0.004241228103637695},"rotation":{"x":-0.052611496299505237,"y":0.949063241481781,"z":-0.2488062083721161,"w":-0.19216683506965638},"size":1.71213960647583,"orthographic":false}