{"cameraMode":{"drawMode":0,"name":"Shaded","section":"Shading Mode"},"sceneLighting":false,"audioPlay":false,"sceneViewState":{"showFog":true,"showMaterialUpdate":true,"showSkybox":false,"showFlares":true,"showImageEffects":true,"showParticleSystems":true},"in2DMode":false,"pivot":{"x":-0.12225890159606934,"y":0.8149334192276001,"z":0.49479901790618899},"rotation":{"x":0.14634160697460175,"y":0.526642918586731,"z":-0.09252568334341049,"w":0.8323767781257629},"size":3.027177095413208,"orthographic":false}