{"cameraMode":{"drawMode":0,"name":"Shaded","section":"Shading Mode"},"sceneLighting":false,"audioPlay":false,"sceneViewState":{"showFog":true,"showMaterialUpdate":true,"showSkybox":false,"showFlares":true,"showImageEffects":true,"showParticleSystems":true},"in2DMode":false,"pivot":{"x":0.29155445098876955,"y":-10.237367630004883,"z":-0.702256441116333},"rotation":{"x":-0.19656649231910706,"y":0.4663054347038269,"z":-0.10740713030099869,"w":-0.8558869957923889},"size":4.7130351066589359,"orthographic":false}