{"cameraMode":{"drawMode":0,"name":"Shaded","section":"Shading Mode"},"sceneLighting":false,"audioPlay":false,"sceneViewState":{"showFog":true,"showMaterialUpdate":true,"showSkybox":false,"showFlares":true,"showImageEffects":true,"showParticleSystems":true},"in2DMode":false,"pivot":{"x":0.13478893041610719,"y":2.35992169380188,"z":-0.318112850189209},"rotation":{"x":-0.052611496299505237,"y":0.949063241481781,"z":-0.2488062083721161,"w":-0.19216683506965638},"size":3.830214023590088,"orthographic":false}