{"cameraMode":{"drawMode":0,"name":"Shaded","section":"Shading Mode"},"sceneLighting":true,"audioPlay":false,"sceneViewState":{"showFog":true,"showMaterialUpdate":true,"showSkybox":false,"showFlares":true,"showImageEffects":true,"showParticleSystems":true},"in2DMode":false,"pivot":{"x":-0.8000984191894531,"y":-1.9069565534591675,"z":-4.713639736175537},"rotation":{"x":-0.052611496299505237,"y":0.949063241481781,"z":-0.2488062083721161,"w":-0.19216683506965638},"size":9.062932014465332,"orthographic":false}